<beans xmlns="http://www.springframework.org/schema/beans"
       xmlns:xsi="http://www.w3.org/2001/XMLSchema-instance" xmlns:util="http://www.springframework.org/schema/util"
       xsi:schemaLocation="http://www.springframework.org/schema/beans
        http://www.springframework.org/schema/beans/spring-beans-2.5.xsd http://www.springframework.org/schema/util http://www.springframework.org/schema/util/spring-util.xsd">

    <bean class="org.apache.ignite.configuration.IgniteConfiguration">

  <!--      <property name="includeEventTypes">
            <util:constant static-field="org.apache.ignite.events.EventType.EVTS_CACHE"/>
        </property>-->

        <!-- Enabling Apache Ignite Persistent Store. -->
        <property name="persistentStoreConfiguration">
            <bean class="org.apache.ignite.configuration.PersistentStoreConfiguration">
                <property name="walArchivePath" value="./store/walArchive"/>
                <property name="walStorePath" value="./store/walStore"/>
                <property name="persistentStorePath" value="./store/store"/>
            </bean>
        </property>

        <!-- Set to true to enable grid-aware class loading for examples, default is false. -->
        <property name="peerClassLoadingEnabled" value="false"/>
        <property name="publicThreadPoolSize" value="2"/>
        <property name="systemThreadPoolSize" value="2"/>
        <property name="asyncCallbackPoolSize" value="2"/>
        <property name="queryThreadPoolSize" value="2"/>
        <property name="dataStreamerThreadPoolSize" value="2"/>
        <property name="managementThreadPoolSize" value="2"/>
        <property name="rebalanceThreadPoolSize" value="1"/>
        <property name="metricsLogFrequency" value="0"/>
        <property name="clientMode" value="false"/>
        <property name="igniteInstanceName" value="AlertGrid"/>
        <property name="activeOnStart" value="true"/>
        <property name="binaryConfiguration">
            <bean class="org.apache.ignite.configuration.BinaryConfiguration">
                <property name="compactFooter" value="false"/>
            </bean>
        </property>

        <property name="cacheConfiguration">
            <list>
                <!-- Partitioned cache example configuration (Atomic mode). -->
                <bean class="org.apache.ignite.configuration.CacheConfiguration">
                    <property name="name" value="Alerts"/>
                    <property name="atomicityMode" value="ATOMIC"/>
                    <property name="backups" value="0"/>
                    <property name="copyOnRead" value="false"></property>
                    <property name="indexedTypes">
                    <list>
                        <value>java.lang.String</value>
                        <value>com.bics.alertmanager.entities.AlertEntry</value>
                    </list>
                    </property>
                </bean>
                <bean class="org.apache.ignite.configuration.CacheConfiguration">
                    <property name="name" value="AlertsConfig"/>
                    <property name="atomicityMode" value="ATOMIC"/>
                    <property name="backups" value="0"/>
                    <property name="copyOnRead" value="false"></property>
                    <property name="indexedTypes">
                        <list>
                            <value>java.lang.String</value>
                            <value>com.bics.alertmanager.entities.AlertConfigEntry</value>
                        </list>
                    </property>
                </bean>
            </list>
        </property>

        <!-- Explicitly configure TCP discovery SPI to provide list of initial nodes. -->
        <property name="discoverySpi">
            <bean class="org.apache.ignite.spi.discovery.tcp.TcpDiscoverySpi">

                <property name="ipFinder">
                    <!-- Uncomment multicast IP finder to enable multicast-based discovery of initial nodes. -->
                    <!--<bean class="org.apache.ignite.spi.discovery.tcp.ipfinder.multicast.TcpDiscoveryMulticastIpFinder">-->
                    <bean class="org.apache.ignite.spi.discovery.tcp.ipfinder.vm.TcpDiscoveryVmIpFinder">
                        <property name="addresses">
                            <list>
                                <!-- In distributed environment, replace with actual host IP address. -->
                                <value>127.0.0.1:47500..47509</value>
                            </list>
                        </property>
                    </bean>
                </property>
            </bean>
        </property>

        <property name="memoryConfiguration">
            <bean class="org.apache.ignite.configuration.MemoryConfiguration">
                <!-- Setting a name of the default memory policy. Required to set only if the default policy's
                    parameters are overridden like it's done below. -->
                <property name="defaultMemoryPolicyName" value="Default_Region"/>

                <!-- Defining several memory policies for different memory regions -->
                <property name="memoryPolicies">
                    <list>
                        <!--
                            Memory region of 40 MBs in size with an eviction enabled.
                        -->
                        <bean class="org.apache.ignite.configuration.MemoryPolicyConfiguration">
                            <property name="name" value="Default_Region"/>
                            <!-- Memory region of 20 MB initial size. -->
                            <property name="initialSize" value="#{20 * 1024 * 1024}"/>
                            <!-- Maximum size is 40 MB. -->
                            <property name="maxSize" value="#{40 * 1024 * 1024}"/>

                        </bean>

                    </list>
                </property>
            </bean>
        </property>




    </bean>

    <bean id="connectorConfigurationBean" class="org.apache.ignite.configuration.ConnectorConfiguration">
        <property name="port" value="11211"/>
        <!-- <property name="sslEnabled" value="true"/>
         <property name="sslFactory">
             <bean class="org.apache.ignite.ssl.SslContextFactory">
                 <property name="keyStoreFilePath" value="${KEYSTORE_PATH}"/>
                 <property name="keyStorePassword" value="${KEYSTORE_PASSWORD}"/>
                 <property name="trustStoreFilePath" value="${TRUSTSTORE_PATH}"/>
                 <property name="trustStorePassword" value="${TRUSTSTORE_PASSWORD}"/>
             </bean>
         </property>-->
    </bean>




</beans>