<?xml version="1.0" encoding="UTF-8"?>

<!--
    Copyright (C) GridGain Systems. All Rights Reserved.
    _________        _____ __________________        _____
    __  ____/___________(_)______  /__  ____/______ ____(_)_______
    _  / __  __  ___/__  / _  __  / _  / __  _  __ `/__  / __  __ \
    / /_/ /  _  /    _  /  / /_/ /  / /_/ /  / /_/ / _  /  _  / / /
    \____/   /_/     /_/   \_,__/   \____/   \__,_/  /_/   /_/ /_/
-->

<!--
    GridGain Spring configuration file to startup grid cache security example.

    When starting a standalone GridGain node, you need to execute the following command:
    {IGNITE_HOME}/bin/ignite.{bat|sh} examples/config/security-data-node.xml
-->
<beans xmlns="http://www.springframework.org/schema/beans"
       xmlns:xsi="http://www.w3.org/2001/XMLSchema-instance"
       xsi:schemaLocation="http://www.springframework.org/schema/beans
                           http://www.springframework.org/schema/beans/spring-beans-2.5.xsd">
    <import resource="security-base.xml"/>

    <bean parent="grid.cfg.base">
        <property name="clientMode" value="true"/>

        <property name="pluginConfigurations">
            <list>
                <bean class="org.gridgain.grid.configuration.GridGainConfiguration">
                    <!-- Set up authentication -->
                    <property name="authenticator">
                        <bean parent="authenticator.cfg.base"/>
                    </property>

                    <property name="securityCredentialsProvider">
                        <bean class="org.apache.ignite.plugin.security.SecurityCredentialsBasicProvider">
                            <constructor-arg ref="cache.readonly.cred"/>
                        </bean>
                    </property>
                </bean>
            </list>
        </property>
    </bean>
</beans>
