<?xml version="1.0" encoding="UTF-8"?>
<included>
	<property name="FILE_LOG_PATTERN" value="%d{[yyyy-MM-dd HH:mm:ss]} [%thread] %-5level %logger{36} - %msg%n"/>
	<property name="FILE_INCDIENT_PATTERN" value="%d{[yyyy-MM-dd HH:mm:ss]} [%thread] %-5level %logger{36} - %msg%n"/>
	<appender name="CONSOLE" class="ch.qos.logback.core.ConsoleAppender">
		<encoder>
			<pattern>${FILE_LOG_PATTERN}</pattern>
			<charset>utf8</charset>
		</encoder>
	</appender>
	<property name="JOB_LOG_PATH" value="${JOB_LOG_PATH:-${LOG_PATH:-${java.io.tmpdir:-/tmp}/}}"/>

	<appender name="DEBUG_LEVEL_REMAPPER" class="org.springframework.boot.logging.logback.LevelRemappingAppender">
		<destinationLogger>org.springframework.boot</destinationLogger>
	</appender>

	<logger name="org.apache.catalina.startup.DigesterFactory" level="ERROR"/>
	<logger name="org.apache.catalina.util.LifecycleBase" level="ERROR"/>
	<logger name="org.apache.coyote.http11.Http11NioProtocol" level="WARN"/>
	<logger name="org.apache.sshd.common.util.SecurityUtils" level="WARN"/>
	<logger name="org.apache.tomcat.util.net.NioSelectorPool" level="WARN"/>
	<logger name="org.eclipse.jetty.util.component.AbstractLifeCycle" level="ERROR"/>
	<logger name="org.hibernate.validator.internal.util.Version" level="WARN"/>
	<logger name="org.springframework.boot.actuate.endpoint.jmx" additivity="false">
		<appender-ref ref="DEBUG_LEVEL_REMAPPER"/>
	</logger>

	<!-- Appender for Loggging per JobExecution in a separate File -->
	<appender name="JOBLOGGER" class="ch.qos.logback.classic.sift.SiftingAppender">
		<!-- in the absence of the class attribute, it is assumed that the desired discriminator type is ch.qos.logback.classic.sift.MDCBasedDiscriminator -->
		<discriminator>
			<key>jobLogFileName</key>
			<defaultValue>batch-default</defaultValue>
		</discriminator>
		<sift>
			<appender name="${jobLogFileName}" class="ch.qos.logback.core.FileAppender">
				<file>${JOB_LOG_PATH}${jobLogFileName}.log</file>
				<append>true</append>
				<encoder>
					<pattern>${FILE_LOG_PATTERN}</pattern>
				</encoder>
			</appender>
		</sift>
	</appender>
	<root level="INFO">
		<appender-ref ref="CONSOLE" />
		<appender-ref ref="JOBLOGGER" />
	</root>
</included>
