<?xml version="1.0" encoding="UTF-8"?>
<configuration>

    <!-- Send debug messages to System.out -->
    <appender name="STDOUT" class="ch.qos.logback.core.ConsoleAppender">
        <encoder>
            <pattern>%d{HH:mm:ss.SSS} [%thread] %-5level %logger{5} - %msg%n</pattern>
        </encoder>
    </appender>

    <appender name="FILE" class="ch.qos.logback.core.FileAppender">
        <file>debug.log </file>
        <append>true</append>
        <encoder>
            <pattern>%d{HH:mm:ss.SSS} [%thread] %-5level %logger{35} - %msg%n</pattern>
        </encoder>
    </appender>

    <logger name="com.graph.*" level="INFO" additivity="false">
        <appender-ref ref="STDOUT"/>
        <appender-ref ref="FILE"/>
    </logger>

    <logger name=" org.apache.ignite.*" level="INFO" additivity="false">
        <appender-ref ref="FILE"/>
    </logger>


    <!-- By default, the level of the root level is set to DEBUG -->
    <root level="INFO">
        <appender-ref ref="FILE" />
        <appender-ref ref="STDOUT"/>
    </root>
</configuration>
