<?xml version="1.0" encoding="UTF-8"?>
<configuration debug="false">

    <property name="LOG_HOME" value="${LOG_PATH}/SpringBootAppLogs"/>
    <property name="FILE_LOG_PATTERN" value="%d{[yyyy-MM-dd HH:mm:ss]} [%thread] %-5level %logger{36} - %msg%n"/>
    <property name="FILE_INCDIENT_PATTERN" value="%d{[yyyy-MM-dd HH:mm:ss]} [%thread] %-5level %logger{36} - %msg%n"/>
    <appender name="CONSOLE" class="ch.qos.logback.core.ConsoleAppender">
        <encoder>
            <pattern>${FILE_LOG_PATTERN}</pattern>
            <charset>utf8</charset>
        </encoder>
    </appender>

    <appender name="stash-file"  class="ch.qos.logback.core.rolling.RollingFileAppender">
        <file>${LOG_HOME}/debug.log</file>
        <append>true</append>
        <encoder>
            <pattern>${FILE_LOG_PATTERN}</pattern>
        </encoder>
        <rollingPolicy class="ch.qos.logback.core.rolling.FixedWindowRollingPolicy">
            <fileNamePattern>debug.log.%i</fileNamePattern>
        </rollingPolicy>
        <triggeringPolicy
                class="ch.qos.logback.core.rolling.SizeBasedTriggeringPolicy">
            <MaxFileSize>10MB</MaxFileSize>
        </triggeringPolicy>
    </appender>


    <appender name="INCIDENTS-FILE" class="ch.qos.logback.core.rolling.RollingFileAppender">
        <file>${LOG_HOME}/incidents.log</file>
        <append>true</append>
        <encoder class="net.logstash.logback.encoder.LoggingEventCompositeJsonEncoder">
            <providers>
                <!--<mdc/>--> <!-- MDC variables on the Thread will be written as JSON fields-->
                <!--<context/> &lt;!&ndash;Outputs entries from logback's context &ndash;&gt;-->
                <logLevel/>
                <pattern>
                    <pattern>
                        {
                        "timestamp": "%d",
                        "appName": "DemoApp",
                        "message": "%message"
                        }
                    </pattern>
                </pattern>
                <stackTrace>
                    <throwableConverter class="net.logstash.logback.stacktrace.ShortenedThrowableConverter">
                        <maxDepthPerThrowable>30</maxDepthPerThrowable>
                        <maxLength>2048</maxLength>
                        <shortenedClassNameLength>20</shortenedClassNameLength>
                        <rootCauseFirst>true</rootCauseFirst>
                    </throwableConverter>
                </stackTrace>
            </providers>
        </encoder>
        <rollingPolicy class="ch.qos.logback.core.rolling.FixedWindowRollingPolicy">
            <fileNamePattern>incidents.log.%i</fileNamePattern>
        </rollingPolicy>
        <triggeringPolicy
                class="ch.qos.logback.core.rolling.SizeBasedTriggeringPolicy">
            <MaxFileSize>10MB</MaxFileSize>
        </triggeringPolicy>
    </appender>

    <logger name="incidents" level="ERROR" additivity="false">
        <appender-ref ref="INCIDENTS-FILE"/>
    </logger>

    <logger name="stash" level="DEBUG" additivity="false">
        <appender-ref ref="stash-file"/>
    </logger>


    <root level="INFO">
        <appender-ref ref="CONSOLE"/>
        <appender-ref ref="stash-file"/>
    </root>

    <logger name="org.springframework" level="INFO"/>
    <logger name="com.bics.demo" level="DEBUG"/>
</configuration>