{
  "settings": {
    "number_of_shards": 1,
    "number_of_replicas": 0,
    "analysis": {
      "analyzer": {
        "my-ngram-analyzer": {
          "type": "custom",
          "tokenizer": "my_tokenizer",
          "filter": [
            "lowercase"
          ]
        }
      },
      "tokenizer": {
        "my_tokenizer": {
          "type": "edge_ngram",
          "min_gram": 1,
          "max_gram": 20,
          "token_chars": [
            "letter",
            "digit"
          ]
        }
      }
    }
  },
  "mappings": {
    "ams": {
      "properties": {
        "id": {
          "type": "keyword"
        },
        "email": {
          "type": "text"
        },
        "name": {
          "type": "text",
          "fields": {
            "ngram": {
              "type": "text",
              "analyzer": "my-ngram-analyzer",
              "search_analyzer": "standard"
            }
          }
        }
      }
    }
  }
}
