<config
        xmlns:jsr107='http://www.ehcache.org/v3/jsr107'
        xmlns='http://www.ehcache.org/v3'>

   <!-- <service>
        <jsr107:defaults>
            <jsr107:cache name="AlertsConfig" template="heap-cache"/>
            <jsr107:cache name="Alerts" template="alerts-template"/>
        </jsr107:defaults>
    </service>
    -->

    <service>
        <jsr107:defaults enable-management="true" enable-statistics="true"/>
    </service>

    <persistence directory="cachingPersistence"></persistence>

    <cache alias="AlertsConfig" uses-template="heap-cache"/>
    <cache alias="Alerts" uses-template="alerts-template"/>

    <cache-template name="heap-cache">

        <!--<listeners>-->
            <!--<listener>-->
                <!--<class>com.bics.alertmanager.services.CacheEventLogger</class>-->
                <!--<event-firing-mode>ASYNCHRONOUS</event-firing-mode>-->
                <!--<event-ordering-mode>UNORDERED</event-ordering-mode>-->
                <!--<events-to-fire-on>CREATED</events-to-fire-on>-->
                <!--<events-to-fire-on>UPDATED</events-to-fire-on>-->
                <!--<events-to-fire-on>EXPIRED</events-to-fire-on>-->
                <!--<events-to-fire-on>REMOVED</events-to-fire-on>-->
                <!--<events-to-fire-on>EVICTED</events-to-fire-on>-->
            <!--</listener>-->
        <!--</listeners>-->
        <resources>
            <heap unit="entries">1</heap>
            <offheap unit="MB">1</offheap>
            <disk persistent="true" unit="MB">100</disk>
        </resources>
    </cache-template>


    <cache-template name="alerts-template">
        <!--<listeners>-->
            <!--<listener>-->
                <!--<class>com.bics.alertmanager.services.CacheEventLogger</class>-->
                <!--<event-firing-mode>ASYNCHRONOUS</event-firing-mode>-->
                <!--<event-ordering-mode>UNORDERED</event-ordering-mode>-->
                <!--<events-to-fire-on>CREATED</events-to-fire-on>-->
                <!--<events-to-fire-on>UPDATED</events-to-fire-on>-->
                <!--<events-to-fire-on>EXPIRED</events-to-fire-on>-->
                <!--<events-to-fire-on>REMOVED</events-to-fire-on>-->
                <!--<events-to-fire-on>EVICTED</events-to-fire-on>-->
            <!--</listener>-->
        <!--</listeners>-->
        <resources>
          <heap unit="entries">1</heap>
            <offheap unit="MB">1</offheap>
            <disk persistent="true" unit="MB">100</disk>
        </resources>
    </cache-template>

</config>

