<?xml version="1.0" encoding="UTF-8"?>
<archetype-catalog xmlns="http://maven.apache.org/plugins/maven-archetype-plugin/archetype-catalog/1.0.0"
    xmlns:xsi="http://www.w3.org/2001/XMLSchema-instance"
    xsi:schemaLocation="http://maven.apache.org/plugins/maven-archetype-plugin/archetype-catalog/1.0.0 http://maven.apache.org/xsd/archetype-catalog-1.0.0.xsd">
    <archetypes>
        <archetype>
            <groupId>com.bics.spring-boot-archetypes</groupId>
            <artifactId>spring-boot-batch-quickstart</artifactId>
            <version>1.0.0</version>
            <repository></repository>
            <description>Archetype for creating BICS Spring Boot Batch application</description>
        </archetype>
    </archetypes>
</archetype-catalog>